item_id,item_name,icon_id,icon_found_in_scanned_packages,packages_with_icon,direct_commodity_icon_ids,direct_match_status,confirmed_test_fix_icon_id
100001,M4A1,3000001,yes,TG_Shop.upk,3000001,DIRECT_COMMODITY_MATCH,
100002,AK47Rail,3000002,yes,TG_Shop.upk,3000002,DIRECT_COMMODITY_MATCH,
100003,MP5,3000003,yes,TG_Shop.upk,3000003,DIRECT_COMMODITY_MATCH,
100004,Remington_MSR,3000004,yes,TG_Shop.upk,3000004,DIRECT_COMMODITY_MATCH,
100005,DesertEagle,3000005,yes,TG_Shop.upk,3000005,DIRECT_COMMODITY_MATCH,
100006,AK47,3000006,yes,TG_Shop.upk,3000006,DIRECT_COMMODITY_MATCH,
100007,BenelliNova,3000007,yes,TG_Shop.upk,3000007,DIRECT_COMMODITY_MATCH,
100008,M249,3000008,yes,TG_Shop.upk,3000008,DIRECT_COMMODITY_MATCH,
100009,USP,3000009,yes,TG_Shop.upk,3000009,DIRECT_COMMODITY_MATCH,
100010,M26Grenade,3000010,yes,TG_Shop.upk,3000010,DIRECT_COMMODITY_MATCH,
100011,FlashBang,3000011,yes,TG_Shop.upk,3000011,DIRECT_COMMODITY_MATCH,
100012,SmokeBang,3000012,yes,TG_Shop.upk,3000012,DIRECT_COMMODITY_MATCH,
100013,Knife,1000001,yes,TG_Shop.upk,1000001,DIRECT_COMMODITY_MATCH,
100014,GhostArmy,3000088,yes,TG_Shop.upk,,NO_DIRECT_COMMODITY_CROSSCHECK,
100016,Variance,3000019,yes,TG_Shop.upk,,NO_DIRECT_COMMODITY_CROSSCHECK,
100017,GhostArmy头盔,3000075,yes,TG_Shop.upk,3000075,DIRECT_COMMODITY_MATCH,
100018,GhostArmy面罩,3000076,yes,TG_Shop.upk,3000076,DIRECT_COMMODITY_MATCH,
100019,GhostArmy腰带,3000077,yes,TG_Shop.upk,3000077,DIRECT_COMMODITY_MATCH,
100023,Variance头盔,3000081,yes,TG_Shop.upk,,NO_DIRECT_COMMODITY_CROSSCHECK,
100024,Variance眼罩,3000082,yes,TG_Shop.upk,3000082,DIRECT_COMMODITY_MATCH,
100025,Variance腰带,3000083,yes,TG_Shop.upk,3000083,DIRECT_COMMODITY_MATCH,
100026,Package,1000006,no,,1000006,DIRECT_COMMODITY_MATCH,3000026
100027,SCAR,3000020,yes,TG_Shop.upk,3000020,DIRECT_COMMODITY_MATCH,
100028,DJMan02,3000087,yes,TG_Shop.upk,,NO_DIRECT_COMMODITY_CROSSCHECK,
100029,DJMan02头盔,3000084,yes,TG_Shop.upk,,NO_DIRECT_COMMODITY_CROSSCHECK,
100030,DJMan02面罩,3000085,yes,TG_Shop.upk,,NO_DIRECT_COMMODITY_CROSSCHECK,
100031,DJMan02腰带,3000086,yes,TG_Shop.upk,3000086,DIRECT_COMMODITY_MATCH,
100032,HeadArmor,3000021,yes,TG_Shop.upk,3000021,DIRECT_COMMODITY_MATCH,
100033,TorsorArmor,3000022,yes,TG_Shop.upk,3000022,DIRECT_COMMODITY_MATCH,
100035,Bag3,3000026,yes,TG_Shop.upk,3000026,DIRECT_COMMODITY_MATCH,
100036,Bag4,3000027,yes,TG_Shop.upk,3000027,DIRECT_COMMODITY_MATCH,
100037,Bag5,3000028,yes,TG_Shop.upk,3000028,DIRECT_COMMODITY_MATCH,
100038,Clan_EXP,1000007,yes,TG_Shop.upk,1000007,DIRECT_COMMODITY_MATCH,
100039,Clan_GP,1000008,yes,TG_Shop.upk,1000008,DIRECT_COMMODITY_MATCH,
100041,AUG,3000031,yes,TG_Shop.upk,3000031,DIRECT_COMMODITY_MATCH,
100042,ClanTag,1000009,yes,TG_Shop.upk,1000009,DIRECT_COMMODITY_MATCH,
100043,PVESkill1,1000010,yes,TG_Shop.upk,,NO_DIRECT_COMMODITY_CROSSCHECK,
100044,PVESkill2,1000011,yes,TG_Shop.upk,,NO_DIRECT_COMMODITY_CROSSCHECK,
100046,PVESkill4,1000013,yes,TG_Shop.upk,,NO_DIRECT_COMMODITY_CROSSCHECK,
100047,PVESkill5,1000014,yes,TG_Shop.upk,,NO_DIRECT_COMMODITY_CROSSCHECK,
100049,PVESkill6,1000015,yes,TG_Shop.upk,,NO_DIRECT_COMMODITY_CROSSCHECK,
100050,PVESkill7,1000016,yes,TG_Shop.upk,,NO_DIRECT_COMMODITY_CROSSCHECK,
100052,PVESkill9,1000018,yes,TG_Shop.upk,,NO_DIRECT_COMMODITY_CROSSCHECK,
100053,PVESkill10,1000019,yes,TG_Shop.upk,,NO_DIRECT_COMMODITY_CROSSCHECK,
100054,Speaker,3000062,yes,TG_Shop.upk,3000062,DIRECT_COMMODITY_MATCH,
100056,AWM,3000064,yes,TG_Shop.upk,3000064,DIRECT_COMMODITY_MATCH,
100057,M95,3000065,yes,TG_Shop.upk,3000065,DIRECT_COMMODITY_MATCH,
100058,MK4,3000066,yes,TG_Shop.upk,3000066,DIRECT_COMMODITY_MATCH,
100059,EXP1_BONUS,3000067,yes,TG_Shop.upk,3000067,DIRECT_COMMODITY_MATCH,
100060,EXP2_BONUS,3000068,yes,TG_Shop.upk,3000068,DIRECT_COMMODITY_MATCH,
100061,BaseArmy,3000069,yes,TG_Shop.upk,,NO_DIRECT_COMMODITY_CROSSCHECK,
100062,Russian,3000070,yes,TG_Shop.upk,,NO_DIRECT_COMMODITY_CROSSCHECK,
100063,Bag2,0,no,,,ZERO_ICON_ID,
100064,G3SG2,3000071,yes,TG_Shop.upk,3000071,DIRECT_COMMODITY_MATCH,
100068,RPK,3000074,yes,TG_Shop.upk,3000074,DIRECT_COMMODITY_MATCH,
100069,Coolman,3000029,yes,TG_Shop.upk,,NO_DIRECT_COMMODITY_CROSSCHECK,
100070,QBZ95,3000089,yes,TG_Shop.upk,3000089,DIRECT_COMMODITY_MATCH,
100071,R700,3000090,yes,TG_Shop.upk,3000090,DIRECT_COMMODITY_MATCH,
100072,M608,3000091,yes,TG_Shop.upk,3000091,DIRECT_COMMODITY_MATCH,
100073,AN94,3000092,yes,TG_Shop.upk,3000092,DIRECT_COMMODITY_MATCH,
100074,M60,3000093,yes,TG_Shop.upk,3000093,DIRECT_COMMODITY_MATCH,
100075,FAMAS,3000094,yes,TG_Shop.upk,3000094,DIRECT_COMMODITY_MATCH,
100076,SVD,3000095,yes,TG_Shop.upk,3000095,DIRECT_COMMODITY_MATCH,
100077,MK2,3000096,yes,TG_Shop.upk,3000096,DIRECT_COMMODITY_MATCH,
100078,IceAxe,3000097,yes,TG_Shop.upk,3000097,DIRECT_COMMODITY_MATCH,
100079,HEGrenade,3000098,yes,TG_Shop.upk,3000098,DIRECT_COMMODITY_MATCH,
100080,MiniGun,3000099,yes,TG_Shop.upk,3000099,DIRECT_COMMODITY_MATCH,
100081,Russian面罩,3000100,yes,TG_Shop.upk,3000100,DIRECT_COMMODITY_MATCH,
100082,BaseArmy眼镜,3000101,yes,TG_Shop.upk,3000101,DIRECT_COMMODITY_MATCH,
100083,Russian夜视仪,3000102,yes,TG_Shop.upk,3000102,DIRECT_COMMODITY_MATCH,
100084,DJMan02眼镜,3000103,yes,TG_Shop.upk,3000103,DIRECT_COMMODITY_MATCH,
100085,GhostArmy眼镜,3000104,yes,TG_Shop.upk,3000104,DIRECT_COMMODITY_MATCH,
100086,CoolMan眼镜1,3000105,yes,TG_Shop.upk,3000105,DIRECT_COMMODITY_MATCH,
100087,CoolMan眼镜2,3000106,yes,TG_Shop.upk,3000106,DIRECT_COMMODITY_MATCH,
100088,BaseArmy眼镜2,3000107,yes,TG_Shop.upk,3000107,DIRECT_COMMODITY_MATCH,
100089,Russian头盔,3000108,yes,TG_Shop.upk,3000108,DIRECT_COMMODITY_MATCH,
100090,Russian头罩,3000109,yes,TG_Shop.upk,3000109,DIRECT_COMMODITY_MATCH,
100091,DJMan02头巾,3000110,yes,TG_Shop.upk,3000110,DIRECT_COMMODITY_MATCH,
100092,GhostArmy头盔,3000111,yes,TG_Shop.upk,3000111,DIRECT_COMMODITY_MATCH,
100093,Russian腰带,3000112,yes,TG_Shop.upk,3000112,DIRECT_COMMODITY_MATCH,
100094,GhostArmy腰带,3000113,yes,TG_Shop.upk,3000113,DIRECT_COMMODITY_MATCH,
100095,Russian腰带2,3000114,yes,TG_Shop.upk,3000114,DIRECT_COMMODITY_MATCH,
100096,DJ腰带,3000115,yes,TG_Shop.upk,3000115,DIRECT_COMMODITY_MATCH,
100097,CoolMan腰带,3000116,yes,TG_Shop.upk,3000116,DIRECT_COMMODITY_MATCH,
100098,CoolMan腰带2,3000117,yes,TG_Shop.upk,3000117,DIRECT_COMMODITY_MATCH,
100099,AR15,3000118,yes,TG_Shop.upk,3000118,DIRECT_COMMODITY_MATCH,
100100,Minimi,3000119,yes,TG_Shop.upk,3000119,DIRECT_COMMODITY_MATCH,
100101,BaseArmy腰带,3000120,yes,TG_Shop.upk,3000120,DIRECT_COMMODITY_MATCH,
100102,BaseArmy腰带2,3000121,yes,TG_Shop.upk,3000121,DIRECT_COMMODITY_MATCH,
100103,Variance帽子,3000122,yes,TG_Shop.upk,3000122,DIRECT_COMMODITY_MATCH,
100104,Variance眼罩,3000123,yes,TG_Shop.upk,3000123,DIRECT_COMMODITY_MATCH,
100105,M1014,3000124,yes,TG_Shop.upk,3000124,DIRECT_COMMODITY_MATCH,
100111,P90,3000128,yes,TG_Shop.upk,3000128,DIRECT_COMMODITY_MATCH,
100112,JS_SMG,3000129,yes,TG_Shop.upk,3000129,DIRECT_COMMODITY_MATCH,
100113,UZI,3000130,yes,TG_Shop.upk,3000130,DIRECT_COMMODITY_MATCH,
100114,FAL,3000131,yes,TG_Shop.upk,3000131,DIRECT_COMMODITY_MATCH,
100115,Lee,3000132,yes,TG_Shop.upk,,NO_DIRECT_COMMODITY_CROSSCHECK,
100116,Soldier面罩1,3000133,yes,TG_Shop.upk,3000133,DIRECT_COMMODITY_MATCH,
100117,Soldier面罩2,3000134,yes,TG_Shop.upk,3000134,DIRECT_COMMODITY_MATCH,
100118,Soldier头盔1,3000135,yes,TG_Shop.upk,3000135,DIRECT_COMMODITY_MATCH,
100119,Soldier头盔2,3000136,yes,TG_Shop.upk,3000136,DIRECT_COMMODITY_MATCH,
100120,Soldier腰带1,3000137,yes,TG_Shop.upk,3000137,DIRECT_COMMODITY_MATCH,
100121,Soldier腰带2,3000138,yes,TG_Shop.upk,3000138,DIRECT_COMMODITY_MATCH,
100122,XM8,3000139,yes,TG_Shop.upk,3000139,DIRECT_COMMODITY_MATCH,
100123,EN,3000140,yes,TG_Shop.upk,,NO_DIRECT_COMMODITY_CROSSCHECK,
100124,EN面罩1,3000141,yes,TG_Shop.upk,3000141,DIRECT_COMMODITY_MATCH,
100125,EN面罩2,3000142,yes,TG_Shop.upk,3000142,DIRECT_COMMODITY_MATCH,
100126,EN头盔2,3000143,yes,TG_Shop.upk,3000143,DIRECT_COMMODITY_MATCH,
100127,EN头盔1,3000144,yes,TG_Shop.upk,3000144,DIRECT_COMMODITY_MATCH,
100128,EN腰带1,3000145,yes,TG_Shop.upk,3000145,DIRECT_COMMODITY_MATCH,
100129,EN腰带2,3000146,yes,TG_Shop.upk,3000146,DIRECT_COMMODITY_MATCH,
100130,Lee头发,1000021,no,,,NO_DIRECT_COMMODITY_CROSSCHECK,
100131,EN头发,1000022,no,,,NO_DIRECT_COMMODITY_CROSSCHECK,
100132,ClanGroup_EXP,1000023,no,,1000023,DIRECT_COMMODITY_MATCH,
100133,SPAS12,3000147,yes,TG_Shop.upk,3000147,DIRECT_COMMODITY_MATCH,
100134,colt1873,3000148,yes,TG_Shop.upk,3000148,DIRECT_COMMODITY_MATCH,
100141,AR15GAI,3000217,yes,TG_Shop.upk,3000217,DIRECT_COMMODITY_MATCH,
100143,BagExtended,3000159,yes,TG_Shop.upk,3000159,DIRECT_COMMODITY_MATCH,
100145,RifleClipExtended,3000161,yes,TG_Shop.upk,3000161,DIRECT_COMMODITY_MATCH,
100146,MachineGunClipExtended,3000162,yes,TG_Shop.upk,3000162,DIRECT_COMMODITY_MATCH,
100147,SniperClipExtended,3000163,yes,TG_Shop.upk,3000163,DIRECT_COMMODITY_MATCH,
100148,SubmachineGunClipExtended,3000164,yes,TG_Shop.upk,3000164,DIRECT_COMMODITY_MATCH,
100149,ShotGunClipExtended,3000165,yes,TG_Shop.upk,3000165,DIRECT_COMMODITY_MATCH,
100150,PistolClipExtended,3000166,yes,TG_Shop.upk,3000166,DIRECT_COMMODITY_MATCH,
100153,Angel,3000169,yes,TG_Shop.upk,,NO_DIRECT_COMMODITY_CROSSCHECK,
100154,Painter_wolf,3000170,yes,TG_Shop.upk,3000170,DIRECT_COMMODITY_MATCH,
100155,Painter_lion,3000171,yes,TG_Shop.upk,3000171,DIRECT_COMMODITY_MATCH,
100156,Painter_shark,3000172,yes,TG_Shop.upk,3000172,DIRECT_COMMODITY_MATCH,
100157,Painter_bomb,3000173,yes,TG_Shop.upk,3000173,DIRECT_COMMODITY_MATCH,
100158,Painter_finger,3000174,yes,TG_Shop.upk,3000174,DIRECT_COMMODITY_MATCH,
100159,Painter_knife,3000175,yes,TG_Shop.upk,3000175,DIRECT_COMMODITY_MATCH,
100160,Painter_headshot,3000176,yes,TG_Shop.upk,3000176,DIRECT_COMMODITY_MATCH,
100161,Painter_star,3000177,yes,TG_Shop.upk,3000177,DIRECT_COMMODITY_MATCH,
100162,Painter_demon,3000178,yes,TG_Shop.upk,3000178,DIRECT_COMMODITY_MATCH,
100163,Painter_bullet,3000179,yes,TG_Shop.upk,3000179,DIRECT_COMMODITY_MATCH,
100164,Painter_gear,3000180,yes,TG_Shop.upk,3000180,DIRECT_COMMODITY_MATCH,
100165,Painter_hook,3000181,yes,TG_Shop.upk,3000181,DIRECT_COMMODITY_MATCH,
100166,Painter_dj,3000182,yes,TG_Shop.upk,3000182,DIRECT_COMMODITY_MATCH,
100167,Painter_snake,3000183,yes,TG_Shop.upk,3000183,DIRECT_COMMODITY_MATCH,
100168,Painter_poison,3000184,yes,TG_Shop.upk,3000184,DIRECT_COMMODITY_MATCH,
100169,Painter_nuke,3000185,yes,TG_Shop.upk,3000185,DIRECT_COMMODITY_MATCH,
100170,Painter_war,3000186,yes,TG_Shop.upk,3000186,DIRECT_COMMODITY_MATCH,
100171,F2000,3000187,yes,TG_Shop.upk,3000187,DIRECT_COMMODITY_MATCH,
100172,AK74U,3000188,yes,TG_Shop.upk,3000188,DIRECT_COMMODITY_MATCH,
100174,M4A1_SCM,3000190,yes,TG_Shop.upk,3000190,DIRECT_COMMODITY_MATCH,
100175,M4A1_AFM,3000191,yes,TG_Shop.upk,3000191,DIRECT_COMMODITY_MATCH,
100176,M4A1_SPM,3000192,yes,TG_Shop.upk,3000192,DIRECT_COMMODITY_MATCH,
100177,AWM_SSM,3000193,yes,TG_Shop.upk,3000193,DIRECT_COMMODITY_MATCH,
100178,AWM_TAM,3000194,yes,TG_Shop.upk,3000194,DIRECT_COMMODITY_MATCH,
100179,GLOCK17,3000195,yes,TG_Shop.upk,3000195,DIRECT_COMMODITY_MATCH,
100180,BoxGlove,3000196,yes,TG_Shop.upk,3000196,DIRECT_COMMODITY_MATCH,
100181,RenameCard,3000197,yes,TG_Shop.upk,3000197,DIRECT_COMMODITY_MATCH,
100182,RecordRemoved,3000198,yes,TG_Shop.upk,3000198,DIRECT_COMMODITY_MATCH,
100183,SpecialExtended,3000199,yes,TG_Shop.upk,3000199,DIRECT_COMMODITY_MATCH,
100184,Press,3000200,yes,TG_Shop.upk,,NO_DIRECT_COMMODITY_CROSSCHECK,
100185,PVESkill11,1000030,yes,TG_Shop.upk,,NO_DIRECT_COMMODITY_CROSSCHECK,
100186,PVESkill12,1000031,yes,TG_Shop.upk,,NO_DIRECT_COMMODITY_CROSSCHECK,
100187,PVESkill13,1000032,yes,TG_Shop.upk,,NO_DIRECT_COMMODITY_CROSSCHECK,
100188,PVESkill14,1000033,yes,TG_Shop.upk,,NO_DIRECT_COMMODITY_CROSSCHECK,
100189,PVESkill15,1000034,yes,TG_Shop.upk,,NO_DIRECT_COMMODITY_CROSSCHECK,
100190,M4A1OET,3000299,yes,TG_Shop.upk,3000299,DIRECT_COMMODITY_MATCH,
100191,AK47OET,3000300,yes,TG_Shop.upk,3000300,DIRECT_COMMODITY_MATCH,
100192,AWMOET,3000301,yes,TG_Shop.upk,3000301,DIRECT_COMMODITY_MATCH,
100193,Painter_petty,1000038,yes,TG_Shop.upk,1000038,DIRECT_COMMODITY_MATCH,
100194,Painter_company,1000039,yes,TG_Shop.upk,1000039,DIRECT_COMMODITY_MATCH,
100195,Painter_field,1000040,yes,TG_Shop.upk,1000040,DIRECT_COMMODITY_MATCH,
100196,WinRemoved,3000201,yes,TG_Shop.upk,3000201,DIRECT_COMMODITY_MATCH,
100197,C4Tools,3000202,yes,TG_Shop.upk,3000202,DIRECT_COMMODITY_MATCH,
100198,SG551,3000203,yes,TG_Shop.upk,3000203,DIRECT_COMMODITY_MATCH,
100199,Racer,3000204,yes,TG_Shop.upk,,NO_DIRECT_COMMODITY_CROSSCHECK,
100200,Racer头盔,3000205,yes,TG_Shop.upk,3000205,DIRECT_COMMODITY_MATCH,
100201,Racer面罩,3000206,yes,TG_Shop.upk,3000206,DIRECT_COMMODITY_MATCH,
100202,Racer面罩2,3000207,yes,TG_Shop.upk,3000207,DIRECT_COMMODITY_MATCH,
100203,Racer腰带,3000208,yes,TG_Shop.upk,3000208,DIRECT_COMMODITY_MATCH,
100205,SkillExtended,3000210,yes,TG_Shop.upk,3000210,DIRECT_COMMODITY_MATCH,
100206,FAMASGAI,3000211,yes,TG_Shop.upk,3000211,DIRECT_COMMODITY_MATCH,
100207,DE_A,3000212,yes,TG_Shop.upk,3000212,DIRECT_COMMODITY_MATCH,
100208,WJQ,3000213,yes,TG_Shop.upk,3000213,DIRECT_COMMODITY_MATCH,
100210,BigKillClipExtended,3000215,yes,TG_Shop.upk,3000215,DIRECT_COMMODITY_MATCH,
100211,Rebirth_Coin,3000219,yes,TG_Shop.upk,3000219,DIRECT_COMMODITY_MATCH,
100212,ChristGrenade,3000220,yes,TG_Shop.upk,3000220,DIRECT_COMMODITY_MATCH,
100214,CSLR4,3000218,yes,TG_Shop.upk,3000218,DIRECT_COMMODITY_MATCH,
100216,JAY,3000232,yes,TG_Shop.upk,,NO_DIRECT_COMMODITY_CROSSCHECK,
100217,Nicholas,3000233,yes,TG_Shop.upk,,NO_DIRECT_COMMODITY_CROSSCHECK,
100218,万飞眼镜,1000041,no,,,NO_DIRECT_COMMODITY_CROSSCHECK,
100219,万阳眼镜,1000042,no,,,NO_DIRECT_COMMODITY_CROSSCHECK,
100220,M4A1_NZ,3000234,yes,TG_Shop.upk,3000234,DIRECT_COMMODITY_MATCH,
100221,AK47GAI,3000235,yes,TG_Shop.upk,3000235,DIRECT_COMMODITY_MATCH,
100222,K92F,3000236,yes,TG_Shop.upk,3000236,DIRECT_COMMODITY_MATCH,
100223,Press腰带,3000237,yes,TG_Shop.upk,3000237,DIRECT_COMMODITY_MATCH,
100224,BaseArmy头盔,3000238,yes,TG_Shop.upk,3000238,DIRECT_COMMODITY_MATCH,
100226,Angle默认头盔,0,no,,,ZERO_ICON_ID,
100230,Press眼镜,3000244,yes,TG_Shop.upk,3000244,DIRECT_COMMODITY_MATCH,
100232,QJY88,3000246,yes,TG_Shop.upk,3000246,DIRECT_COMMODITY_MATCH,
100238,Jackhammer,3000247,yes,TG_Shop.upk,3000247,DIRECT_COMMODITY_MATCH,
100239,M48HAWK,3000248,yes,TG_Shop.upk,3000248,DIRECT_COMMODITY_MATCH,
100240,异形怪引诱雷,3000249,yes,TG_Shop.upk,3000249,DIRECT_COMMODITY_MATCH,
100241,飞行背包,3000250,yes,TG_Shop.upk,3000250,DIRECT_COMMODITY_MATCH,
100242,超级暴风机甲执照Ⅰ,3000251,yes,TG_Shop.upk,3000251,DIRECT_COMMODITY_MATCH,
100243,超级暴风机甲执照Ⅱ,3000252,yes,TG_Shop.upk,3000252,DIRECT_COMMODITY_MATCH,
100244,超级巨兽机甲执照,3000253,yes,TG_Shop.upk,3000253,DIRECT_COMMODITY_MATCH,
100245,炮弹补给箱,3000254,yes,TG_Shop.upk,3000254,DIRECT_COMMODITY_MATCH,
100246,坦克装甲,3000255,yes,TG_Shop.upk,3000255,DIRECT_COMMODITY_MATCH,
100254,幸运子弹A,1000049,yes,TG_Shop.upk,1000049,DIRECT_COMMODITY_MATCH,
100255,幸运子弹B,1000050,yes,TG_Shop.upk,1000050,DIRECT_COMMODITY_MATCH,
100256,幸运子弹C,1000051,yes,TG_Shop.upk,1000051,DIRECT_COMMODITY_MATCH,
100257,幸运子弹D,1000052,yes,TG_Shop.upk,1000052,DIRECT_COMMODITY_MATCH,
100258,幸运武器零件,1000053,yes,TG_Shop.upk,1000053,DIRECT_COMMODITY_MATCH,
100259,FoolGrenade,3000263,yes,TG_Shop.upk,3000263,DIRECT_COMMODITY_MATCH,
100260,QBU88,3000264,yes,TG_Shop.upk,3000264,DIRECT_COMMODITY_MATCH,
100261,UMP,3000265,yes,TG_Shop.upk,3000265,DIRECT_COMMODITY_MATCH,
100262,Ak47bullpup,3000266,yes,TG_Shop.upk,3000266,DIRECT_COMMODITY_MATCH,
100263,SWM500,3000267,yes,TG_Shop.upk,3000267,DIRECT_COMMODITY_MATCH,
100264,Racer头盔,3000268,yes,TG_Shop.upk,3000268,DIRECT_COMMODITY_MATCH,
100265,Press头盔,3000269,yes,TG_Shop.upk,3000269,DIRECT_COMMODITY_MATCH,
100266,Press面罩,3000270,yes,TG_Shop.upk,3000270,DIRECT_COMMODITY_MATCH,
100267,Nicholas头盔,3000271,yes,TG_Shop.upk,3000271,DIRECT_COMMODITY_MATCH,
100268,Nicholas面罩,3000272,yes,TG_Shop.upk,3000272,DIRECT_COMMODITY_MATCH,
100269,Nicholas腰带,3000273,yes,TG_Shop.upk,3000273,DIRECT_COMMODITY_MATCH,
100270,Swat,3000274,yes,TG_Shop.upk,,NO_DIRECT_COMMODITY_CROSSCHECK,
100271,Vasily,3000275,yes,TG_Shop.upk,,NO_DIRECT_COMMODITY_CROSSCHECK,
100272,面部（瓦西里）,3000276,yes,TG_Shop.upk,3000276,DIRECT_COMMODITY_MATCH,
100273,头盔（瓦西里）,3000277,yes,TG_Shop.upk,,NO_DIRECT_COMMODITY_CROSSCHECK,
100275,阿尔法防风镜,3000279,yes,TG_Shop.upk,3000279,DIRECT_COMMODITY_MATCH,
100276,阿尔法战斗头盔,3000280,yes,TG_Shop.upk,3000280,DIRECT_COMMODITY_MATCH,
100277,腰部（万飞）,3000281,yes,TG_Shop.upk,3000281,DIRECT_COMMODITY_MATCH,
100278,面部（万飞）,3000282,yes,TG_Shop.upk,3000282,DIRECT_COMMODITY_MATCH,
100279,国际警察战斗帽,3000283,yes,TG_Shop.upk,3000283,DIRECT_COMMODITY_MATCH,
100280,AR15OET,3000284,yes,TG_Shop.upk,3000284,DIRECT_COMMODITY_MATCH,
100281,QBZ95OET,3000285,yes,TG_Shop.upk,3000285,DIRECT_COMMODITY_MATCH,
100282,M249GAI,3000286,yes,TG_Shop.upk,3000286,DIRECT_COMMODITY_MATCH,
100283,RPKGAI,3000287,yes,TG_Shop.upk,3000287,DIRECT_COMMODITY_MATCH,
100284,MinigunGAI,3000288,yes,TG_Shop.upk,3000288,DIRECT_COMMODITY_MATCH,
100286,F2000GAI,3000290,yes,TG_Shop.upk,3000290,DIRECT_COMMODITY_MATCH,
100287,SCARGAI,3000291,yes,TG_Shop.upk,3000291,DIRECT_COMMODITY_MATCH,
100289,WJQworker,3000293,yes,TG_Shop.upk,3000293,DIRECT_COMMODITY_MATCH,
100290,命令行工具,3000294,no,,3000294,DIRECT_COMMODITY_MATCH,
100291,AK47_old,3000295,yes,TG_Shop.upk,3000295,DIRECT_COMMODITY_MATCH,
100292,M4A1_old,3000296,yes,TG_Shop.upk,3000296,DIRECT_COMMODITY_MATCH,
100293,AWM_old,3000297,yes,TG_Shop.upk,3000297,DIRECT_COMMODITY_MATCH,
100294,AWMGAI,3000298,yes,TG_Shop.upk,3000298,DIRECT_COMMODITY_MATCH,
100295,QSZ92,3000302,yes,TG_Shop.upk,3000302,DIRECT_COMMODITY_MATCH,
100296,OTS14,3000303,yes,TG_Shop.upk,3000303,DIRECT_COMMODITY_MATCH,
100297,M240LW,3000304,yes,TG_Shop.upk,3000304,DIRECT_COMMODITY_MATCH,
100298,AK47Sword,3000305,yes,TG_Shop.upk,3000305,DIRECT_COMMODITY_MATCH,
100299,Painter_RoyalDragon,3000306,yes,TG_Shop.upk,3000306,DIRECT_COMMODITY_MATCH,
100303,女兵战斗腰带,3000310,yes,TG_Shop.upk,3000310,DIRECT_COMMODITY_MATCH,
100304,面部（angle）,3000311,yes,TG_Shop.upk,3000311,DIRECT_COMMODITY_MATCH,
100305,头盔（angle）,3000312,yes,TG_Shop.upk,3000312,DIRECT_COMMODITY_MATCH,
100306,Jian,3000313,yes,TG_Shop.upk,3000313,DIRECT_COMMODITY_MATCH,
100307,BIOBang,3000314,yes,TG_Shop.upk,3000314,DIRECT_COMMODITY_MATCH,
100308,M60Child,3000315,yes,TG_Shop.upk,3000315,DIRECT_COMMODITY_MATCH,
100309,KACSAW,3000316,yes,TG_Shop.upk,3000316,DIRECT_COMMODITY_MATCH,
100310,变异病毒,3000317,yes,TG_Shop.upk,3000317,DIRECT_COMMODITY_MATCH,
100311,变异弹匣,3000318,yes,TG_Shop.upk,3000318,DIRECT_COMMODITY_MATCH,
100312,Candy_Grenade,3000319,yes,TG_Shop.upk,3000319,DIRECT_COMMODITY_MATCH,
100313,PVESkill16,1000054,yes,TG_Shop.upk,,NO_DIRECT_COMMODITY_CROSSCHECK,
100314,PVESkill17,1000055,yes,TG_Shop.upk,,NO_DIRECT_COMMODITY_CROSSCHECK,
100316,PVESkill19,1000057,yes,TG_Shop.upk,,NO_DIRECT_COMMODITY_CROSSCHECK,
100317,PVESkill20,1000058,yes,TG_Shop.upk,,NO_DIRECT_COMMODITY_CROSSCHECK,
100318,PVESkill21,1000059,yes,TG_Shop.upk,,NO_DIRECT_COMMODITY_CROSSCHECK,
100319,PVESkill22,1000060,yes,TG_Shop.upk,,NO_DIRECT_COMMODITY_CROSSCHECK,
100320,头盔（万飞）,3000320,yes,TG_Shop.upk,3000320,DIRECT_COMMODITY_MATCH,
100321,头盔（浩南）,3000321,yes,TG_Shop.upk,3000321,DIRECT_COMMODITY_MATCH,
100322,头发（浩南）,0,no,,,ZERO_ICON_ID,
100323,头发（万飞）,0,no,,,ZERO_ICON_ID,
100324,头发（万阳）,0,no,,,ZERO_ICON_ID,
100325,头发（张杰）,0,no,,,ZERO_ICON_ID,
100326,AWMs_Gold,3000322,yes,TG_Shop.upk,3000322,DIRECT_COMMODITY_MATCH,
100327,AWMs_Silver,3000323,yes,TG_Shop.upk,3000323,DIRECT_COMMODITY_MATCH,
100328,AWMs_Copper,3000324,yes,TG_Shop.upk,3000324,DIRECT_COMMODITY_MATCH,
100329,M4fr_Gold,3000325,yes,TG_Shop.upk,3000325,DIRECT_COMMODITY_MATCH,
100330,M4fr_Silver,3000326,yes,TG_Shop.upk,3000326,DIRECT_COMMODITY_MATCH,
100331,M4fr_Copper,3000327,yes,TG_Shop.upk,3000327,DIRECT_COMMODITY_MATCH,
100332,Painter_Mark,3000328,yes,TG_Shop.upk,3000328,DIRECT_COMMODITY_MATCH,
100333,Murphy,3000329,yes,TG_Shop.upk,,NO_DIRECT_COMMODITY_CROSSCHECK,
100334,铁面,3000330,yes,TG_Shop.upk,,NO_DIRECT_COMMODITY_CROSSCHECK,
100335,头发（Murphy）,0,no,,,ZERO_ICON_ID,
100336,M4A1_mend,3000331,yes,TG_Shop.upk,3000331,DIRECT_COMMODITY_MATCH,
100337,AR15_mendSilver,3000332,yes,TG_Shop.upk,3000332,DIRECT_COMMODITY_MATCH,
100341,头盔（男警士兵1）,3000336,yes,TG_Shop.upk,3000336,DIRECT_COMMODITY_MATCH,
100348,TAR21,3000343,yes,TG_Shop.upk,3000343,DIRECT_COMMODITY_MATCH,
100349,A点喷漆,3000344,yes,TG_Shop.upk,3000344,DIRECT_COMMODITY_MATCH,
100350,B点喷漆,3000345,yes,TG_Shop.upk,3000345,DIRECT_COMMODITY_MATCH,
100351,机甲喷漆,3000346,yes,TG_Shop.upk,3000346,DIRECT_COMMODITY_MATCH,
100352,逆战喷漆,3000347,yes,TG_Shop.upk,3000347,DIRECT_COMMODITY_MATCH,
100353,牛仔喷漆,3000348,yes,TG_Shop.upk,3000348,DIRECT_COMMODITY_MATCH,
100354,赛博格喷漆,3000349,yes,TG_Shop.upk,3000349,DIRECT_COMMODITY_MATCH,
100355,生化喷漆,3000350,yes,TG_Shop.upk,3000350,DIRECT_COMMODITY_MATCH,
100356,太空喷漆,3000351,yes,TG_Shop.upk,3000351,DIRECT_COMMODITY_MATCH,
100357,小丑喷漆,3000352,yes,TG_Shop.upk,3000352,DIRECT_COMMODITY_MATCH,
100358,诱惑喷漆,3000353,yes,TG_Shop.upk,3000353,DIRECT_COMMODITY_MATCH,
100359,礼包1,1000061,yes,TG_Shop.upk,,NO_DIRECT_COMMODITY_CROSSCHECK,
100360,礼包2,1000062,yes,TG_Shop.upk,,NO_DIRECT_COMMODITY_CROSSCHECK,
100361,礼包3,1000063,yes,TG_Shop.upk,,NO_DIRECT_COMMODITY_CROSSCHECK,
100365,DSR1,3000356,yes,TG_Shop.upk,3000356,DIRECT_COMMODITY_MATCH,
100366,MUAL,3000357,yes,TG_Shop.upk,3000357,DIRECT_COMMODITY_MATCH,
100368,UZI77,3000359,yes,TG_Shop.upk,3000359,DIRECT_COMMODITY_MATCH,
100369,蝎子战刀,3000360,yes,TG_Shop.upk,3000360,DIRECT_COMMODITY_MATCH,
100370,空气过滤器,3000361,yes,TG_Shop.upk,3000361,DIRECT_COMMODITY_MATCH,
100371,弟弟的帽子,3000362,yes,TG_Shop.upk,3000362,DIRECT_COMMODITY_MATCH,
100372,警用镇暴腰带,3000363,yes,TG_Shop.upk,3000363,DIRECT_COMMODITY_MATCH,
100373,抗病毒呼吸面罩,3000364,yes,TG_Shop.upk,3000364,DIRECT_COMMODITY_MATCH,
100377,红魔礼兵头盔,3000368,yes,TG_Shop.upk,3000368,DIRECT_COMMODITY_MATCH,
100380,AK47SwordII,3000371,yes,TG_Shop.upk,3000371,DIRECT_COMMODITY_MATCH,
100381,M4A1_ACU,3000372,yes,TG_Shop.upk,3000372,DIRECT_COMMODITY_MATCH,
100382,Bella,3000373,yes,TG_Shop.upk,,NO_DIRECT_COMMODITY_CROSSCHECK,
100384,FashionArmy,3000375,yes,TG_Shop.upk,,NO_DIRECT_COMMODITY_CROSSCHECK,
100385,M4A1Member,3000376,yes,TG_Shop.upk,3000376,DIRECT_COMMODITY_MATCH,
100386,AK47Member,3000377,yes,TG_Shop.upk,3000377,DIRECT_COMMODITY_MATCH,
100387,头发（Bella）,0,no,,,ZERO_ICON_ID,
100389,头发（FashionArmy）,0,no,,,ZERO_ICON_ID,
100390,KukriT,3000378,yes,TG_Shop.upk,3000378,DIRECT_COMMODITY_MATCH,
100392,QBZ03,3000380,yes,TG_Shop.upk,3000380,DIRECT_COMMODITY_MATCH,
100393,AK47gold,3000381,yes,TG_Shop.upk,3000381,DIRECT_COMMODITY_MATCH,
100394,M4A1gold,3000382,yes,TG_Shop.upk,3000382,DIRECT_COMMODITY_MATCH,
100395,AWMgold,3000383,yes,TG_Shop.upk,3000383,DIRECT_COMMODITY_MATCH,
100396,AK47gold,3000381,yes,TG_Shop.upk,3000381,DIRECT_COMMODITY_MATCH,
100398,MidAutumn,3000385,yes,TG_Shop.upk,3000385,DIRECT_COMMODITY_MATCH,
100399,齿轮喷漆,3000386,yes,TG_Shop.upk,3000386,DIRECT_COMMODITY_MATCH,
100400,井盖喷漆,3000387,yes,TG_Shop.upk,3000387,DIRECT_COMMODITY_MATCH,
100401,骷髅喷漆,3000388,yes,TG_Shop.upk,3000388,DIRECT_COMMODITY_MATCH,
100402,力量喷漆,3000389,yes,TG_Shop.upk,3000389,DIRECT_COMMODITY_MATCH,
100403,练靶喷漆,3000390,yes,TG_Shop.upk,3000390,DIRECT_COMMODITY_MATCH,
100404,猎鹰喷漆,3000391,yes,TG_Shop.upk,3000391,DIRECT_COMMODITY_MATCH,
100405,轮胎喷漆,3000392,yes,TG_Shop.upk,3000392,DIRECT_COMMODITY_MATCH,
100406,沙漠之鹰喷漆,3000393,yes,TG_Shop.upk,3000393,DIRECT_COMMODITY_MATCH,
100407,坦克喷漆,3000394,yes,TG_Shop.upk,3000394,DIRECT_COMMODITY_MATCH,
100408,引诱雷喷漆,3000395,yes,TG_Shop.upk,3000395,DIRECT_COMMODITY_MATCH,
100409,城市喷漆,3000396,yes,TG_Shop.upk,3000396,DIRECT_COMMODITY_MATCH,
100410,毁灭喷漆,3000397,yes,TG_Shop.upk,3000397,DIRECT_COMMODITY_MATCH,
100411,战斗喷漆,3000398,yes,TG_Shop.upk,3000398,DIRECT_COMMODITY_MATCH,
100412,开火喷漆,3000399,yes,TG_Shop.upk,3000399,DIRECT_COMMODITY_MATCH,
100413,冲刺喷漆,3000400,yes,TG_Shop.upk,3000400,DIRECT_COMMODITY_MATCH,
100414,士兵喷漆,3000401,yes,TG_Shop.upk,3000401,DIRECT_COMMODITY_MATCH,
100415,老虎喷漆,3000402,yes,TG_Shop.upk,3000402,DIRECT_COMMODITY_MATCH,
100416,彩色骷髅喷漆,3000403,yes,TG_Shop.upk,3000403,DIRECT_COMMODITY_MATCH,
100417,彩色坦克喷漆,3000404,yes,TG_Shop.upk,3000404,DIRECT_COMMODITY_MATCH,
100418,星球喷漆,3000405,yes,TG_Shop.upk,3000405,DIRECT_COMMODITY_MATCH,
100425,腰部2（守卫）,3000412,yes,TG_Shop.upk,3000412,DIRECT_COMMODITY_MATCH,
100428,腰部2（信号旗）,3000415,yes,TG_Shop.upk,3000415,DIRECT_COMMODITY_MATCH,
100432,面部2（Murphy）,3000419,yes,TG_Shop.upk,3000419,DIRECT_COMMODITY_MATCH,
100436,AUGGAI,3000423,yes,TG_Shop.upk,3000423,DIRECT_COMMODITY_MATCH,
100437,XM8GAI,3000424,yes,TG_Shop.upk,3000424,DIRECT_COMMODITY_MATCH,
100438,SG551GAI,3000425,yes,TG_Shop.upk,3000425,DIRECT_COMMODITY_MATCH,
100441,SVDGAI,3000428,yes,TG_Shop.upk,3000428,DIRECT_COMMODITY_MATCH,
100448,AR15QT,3000435,yes,TG_Shop.upk,3000435,DIRECT_COMMODITY_MATCH,
100450,腰部1（Bella）,3000437,yes,TG_Shop.upk,3000437,DIRECT_COMMODITY_MATCH,
100451,面部1（Bella）,3000438,yes,TG_Shop.upk,3000438,DIRECT_COMMODITY_MATCH,
100452,头盔1（Bella）,3000439,yes,TG_Shop.upk,3000439,DIRECT_COMMODITY_MATCH,
100455,腰部2（Murphy）,3000442,yes,TG_Shop.upk,3000442,DIRECT_COMMODITY_MATCH,
100457,ULTIMAX100,3000444,yes,TG_Shop.upk,3000444,DIRECT_COMMODITY_MATCH,
100458,女警2,3000445,yes,TG_Shop.upk,,NO_DIRECT_COMMODITY_CROSSCHECK,
100459,pumkin,3000446,yes,TG_Shop.upk,3000446,DIRECT_COMMODITY_MATCH,
100460,头发（女警2）,0,no,,,ZERO_ICON_ID,
100461,毁灭执照,3000447,yes,TG_Shop.upk,3000447,DIRECT_COMMODITY_MATCH,
100462,DEgold,3000448,yes,TG_Shop.upk,3000448,DIRECT_COMMODITY_MATCH,
100463,M48Gold,3000449,yes,TG_Shop.upk,3000449,DIRECT_COMMODITY_MATCH,
100464,RPKgold,3000450,yes,TG_Shop.upk,3000450,DIRECT_COMMODITY_MATCH,
100465,MinigunGold,3000451,yes,TG_Shop.upk,3000451,DIRECT_COMMODITY_MATCH,
100466,MK4QT,3000452,yes,TG_Shop.upk,3000452,DIRECT_COMMODITY_MATCH,
100467,DEQT,3000453,yes,TG_Shop.upk,3000453,DIRECT_COMMODITY_MATCH,
100469,SnowBall,3000455,yes,TG_Shop.upk,3000455,DIRECT_COMMODITY_MATCH,
100470,Runa,3000456,yes,TG_Shop.upk,,NO_DIRECT_COMMODITY_CROSSCHECK,
100472,QBZ95_mend,3000458,yes,TG_Shop.upk,3000458,DIRECT_COMMODITY_MATCH,
100473,Cracker,3000459,yes,TG_Shop.upk,3000459,DIRECT_COMMODITY_MATCH,
100474,AK47GoldSword,3000460,yes,TG_Shop.upk,3000460,DIRECT_COMMODITY_MATCH,
100475,M4A1P_Gold,3000461,yes,TG_Shop.upk,3000461,DIRECT_COMMODITY_MATCH,
100476,UZIacu,3000462,yes,TG_Shop.upk,3000462,DIRECT_COMMODITY_MATCH,
100478,AK74Udust,3000464,yes,TG_Shop.upk,3000464,DIRECT_COMMODITY_MATCH,
100479,AR15Snake,3000465,yes,TG_Shop.upk,3000465,DIRECT_COMMODITY_MATCH,
100480,SCARsnake,3000466,yes,TG_Shop.upk,3000466,DIRECT_COMMODITY_MATCH,
100481,M95Snake,3000467,yes,TG_Shop.upk,3000467,DIRECT_COMMODITY_MATCH,
100482,MinigunSnake,3000468,yes,TG_Shop.upk,3000468,DIRECT_COMMODITY_MATCH,
100483,DEsnake,3000469,yes,TG_Shop.upk,3000469,DIRECT_COMMODITY_MATCH,
100484,MK4Snake,3000470,yes,TG_Shop.upk,3000470,DIRECT_COMMODITY_MATCH,
100490,头发（Runa）,0,no,,,ZERO_ICON_ID,
100496,FMG,3000480,yes,TG_Shop.upk,3000480,DIRECT_COMMODITY_MATCH,
100497,QBS09,3000481,yes,TG_Shop.upk,3000481,DIRECT_COMMODITY_MATCH,
100498,QBZ95Sil,3000484,yes,TG_Shop.upk,3000484,DIRECT_COMMODITY_MATCH,
100499,QBU10,3000485,yes,TG_Shop.upk,3000485,DIRECT_COMMODITY_MATCH,
100500,军火箱破解器,3000486,yes,TG_Shop.upk,3000486,DIRECT_COMMODITY_MATCH,
100501,加密军火箱,3000487,yes,TG_Shop.upk,,NO_DIRECT_COMMODITY_CROSSCHECK,
100502,MiniGun,3000099,yes,TG_Shop.upk,3000099,DIRECT_COMMODITY_MATCH,
100503,Remington_MSR,3000004,yes,TG_Shop.upk,3000004,DIRECT_COMMODITY_MATCH,
100504,DSR1,3000356,yes,TG_Shop.upk,3000356,DIRECT_COMMODITY_MATCH,
100505,M4A1_SCM,3000190,yes,TG_Shop.upk,3000190,DIRECT_COMMODITY_MATCH,
100506,SCARGAI,3000291,yes,TG_Shop.upk,3000291,DIRECT_COMMODITY_MATCH,
100507,M4A1_AFM,3000191,yes,TG_Shop.upk,3000191,DIRECT_COMMODITY_MATCH,
100508,F2000,3000187,yes,TG_Shop.upk,3000187,DIRECT_COMMODITY_MATCH,
100509,OTS14,3000303,yes,TG_Shop.upk,3000303,DIRECT_COMMODITY_MATCH,
100510,FAMASGAI,3000211,yes,TG_Shop.upk,3000211,DIRECT_COMMODITY_MATCH,
100511,UZI,3000130,yes,TG_Shop.upk,3000130,DIRECT_COMMODITY_MATCH,
100512,K92F,3000236,yes,TG_Shop.upk,3000236,DIRECT_COMMODITY_MATCH,
100513,MUAL,3000357,yes,TG_Shop.upk,3000357,DIRECT_COMMODITY_MATCH,
100514,M60oet,3000488,yes,TG_Shop.upk,3000488,DIRECT_COMMODITY_MATCH,
100515,Minimioet,3000489,yes,TG_Shop.upk,3000489,DIRECT_COMMODITY_MATCH,
100516,QJY88oet,3000490,yes,TG_Shop.upk,3000490,DIRECT_COMMODITY_MATCH,
100517,PVESkill23,1000064,yes,TG_Shop.upk,1000064,DIRECT_COMMODITY_MATCH,
100518,PVESkill24,1000065,yes,TG_Shop.upk,,NO_DIRECT_COMMODITY_CROSSCHECK,
100521,FALdust,3000491,yes,TG_Shop.upk,3000491,DIRECT_COMMODITY_MATCH,
100522,M4A1_AFM,3000191,yes,TG_Shop.upk,3000191,DIRECT_COMMODITY_MATCH,
100523,F2000,3000187,yes,TG_Shop.upk,3000187,DIRECT_COMMODITY_MATCH,
100524,M4A1_SCM,3000190,yes,TG_Shop.upk,3000190,DIRECT_COMMODITY_MATCH,
100525,DSR1,3000356,yes,TG_Shop.upk,3000356,DIRECT_COMMODITY_MATCH,
100527,女警腰部1【黑天使战斗腰带】,3000498,yes,TG_Shop.upk,3000498,DIRECT_COMMODITY_MATCH,
100528,头盔(女警2)【黑天使战斗耳机】,3000499,yes,TG_Shop.upk,3000499,DIRECT_COMMODITY_MATCH,
100529,面部(女警2)【黑天使战术眼镜】,3000500,yes,TG_Shop.upk,3000500,DIRECT_COMMODITY_MATCH,
100530,腰部(女警2)【默认腰带】,3000501,no,,,NO_DIRECT_COMMODITY_CROSSCHECK,
100531,变异血清,3000502,yes,TG_Shop.upk,3000502,DIRECT_COMMODITY_MATCH,
100532,基因增强,3000503,yes,TG_Shop.upk,3000503,DIRECT_COMMODITY_MATCH,
100533,进化基因,3000504,yes,TG_Shop.upk,3000504,DIRECT_COMMODITY_MATCH,
100534,KACSAW_dust,3000507,yes,TG_Shop.upk,3000507,DIRECT_COMMODITY_MATCH,
100536,AUGA3,3000509,yes,TG_Shop.upk,3000509,DIRECT_COMMODITY_MATCH,
100537,C级超级机甲执照,3000510,yes,TG_Shop.upk,3000510,DIRECT_COMMODITY_MATCH,
100540,BoxGlove_XD,3000513,yes,TG_Shop.upk,3000513,DIRECT_COMMODITY_MATCH,
100541,QBZ95gold,3000514,yes,TG_Shop.upk,3000514,DIRECT_COMMODITY_MATCH,
100542,AR15gold,3000515,yes,TG_Shop.upk,3000515,DIRECT_COMMODITY_MATCH,
100543,M95gold,3000516,yes,TG_Shop.upk,3000516,DIRECT_COMMODITY_MATCH,
100544,Jhammergold,3000517,yes,TG_Shop.upk,3000517,DIRECT_COMMODITY_MATCH,
100545,MK4gold,3000518,yes,TG_Shop.upk,3000518,DIRECT_COMMODITY_MATCH,
100547,HKG11,3000520,yes,TG_Shop.upk,3000520,DIRECT_COMMODITY_MATCH,
100549,头盔（女匪2）,3000522,yes,TG_Shop.upk,3000522,DIRECT_COMMODITY_MATCH,
100550,面部（女匪2）,3000523,yes,TG_Shop.upk,3000523,DIRECT_COMMODITY_MATCH,
100551,腰部（女匪2）,3000524,yes,TG_Shop.upk,3000524,DIRECT_COMMODITY_MATCH,
100554,MSRgame,3000527,yes,TG_Shop.upk,3000527,DIRECT_COMMODITY_MATCH,
100555,M4A1game,3000528,yes,TG_Shop.upk,3000528,DIRECT_COMMODITY_MATCH,
100556,HEgame,3000529,yes,TG_Shop.upk,3000529,DIRECT_COMMODITY_MATCH,
100557,DEgame,3000530,yes,TG_Shop.upk,3000530,DIRECT_COMMODITY_MATCH,
100558,MK2game,3000531,yes,TG_Shop.upk,3000531,DIRECT_COMMODITY_MATCH,
100561,Musa,3000535,yes,TG_Shop.upk,,NO_DIRECT_COMMODITY_CROSSCHECK,
100562,Musa默认头部,0,no,,,ZERO_ICON_ID,
100563,HK416,3000536,yes,TG_Shop.upk,3000536,DIRECT_COMMODITY_MATCH,
100564,AK12,3000537,yes,TG_Shop.upk,3000537,DIRECT_COMMODITY_MATCH,
100565,TPG1,3000538,yes,TG_Shop.upk,3000538,DIRECT_COMMODITY_MATCH,
100566,300NZ点抵扣券,3000539,yes,TG_Shop.upk,3000539,DIRECT_COMMODITY_MATCH,
100567,500NZ点抵扣券,3000540,yes,TG_Shop.upk,3000540,DIRECT_COMMODITY_MATCH,
100568,女鬼隐身道具,3000541,yes,TG_Shop.upk,3000541,DIRECT_COMMODITY_MATCH,
100569,FN57,3000545,yes,TG_Shop.upk,3000545,DIRECT_COMMODITY_MATCH,
100573,儿童节喷漆（1）,3000549,yes,TG_Shop.upk,3000549,DIRECT_COMMODITY_MATCH,
100574,儿童节喷漆（2）,3000550,yes,TG_Shop.upk,3000550,DIRECT_COMMODITY_MATCH,
100575,ActiveSkilType_ChangeToHero,3000551,yes,TG_Shop.upk,3000551,DIRECT_COMMODITY_MATCH,
100576,PassiveSkilType_HappyShooting,3000552,yes,TG_Shop.upk,3000552,DIRECT_COMMODITY_MATCH,
100578,PassiveSkilType_HandOfJustice,3000554,yes,TG_Shop.upk,3000554,DIRECT_COMMODITY_MATCH,
100580,PassiveSkilType_BloodyStrike,3000556,yes,TG_Shop.upk,3000556,DIRECT_COMMODITY_MATCH,
100581,AEKunlimited,3000557,yes,TG_Shop.upk,3000557,DIRECT_COMMODITY_MATCH,
100583,1NZ点,3000559,yes,TG_Shop.upk,3000559,DIRECT_COMMODITY_MATCH,
100584,1月券,3000560,yes,TG_Shop.upk,3000560,DIRECT_COMMODITY_MATCH,
100585,1经验,3000561,yes,TG_Shop.upk,3000561,DIRECT_COMMODITY_MATCH,
100587,HolyCircle,3000563,yes,TG_Shop.upk,3000563,DIRECT_COMMODITY_MATCH,
100588,头部（musa）,3000564,yes,TG_Shop.upk,3000564,DIRECT_COMMODITY_MATCH,
100589,面部（musa）,3000565,yes,TG_Shop.upk,3000565,DIRECT_COMMODITY_MATCH,
100590,腰部（musa）,3000566,yes,TG_Shop.upk,3000566,DIRECT_COMMODITY_MATCH,
100591,塔防专家卡,3000567,yes,TG_Shop.upk,3000567,DIRECT_COMMODITY_MATCH,
100592,坦克道具卡,3000568,yes,TG_Shop.upk,3000568,DIRECT_COMMODITY_MATCH,
100593,sigACP,3000569,yes,TG_Shop.upk,3000569,DIRECT_COMMODITY_MATCH,
100594,Arx160,3000570,yes,TG_Shop.upk,3000570,DIRECT_COMMODITY_MATCH,
100595,Knuckle,3000571,yes,TG_Shop.upk,3000571,DIRECT_COMMODITY_MATCH,
100596,MSR_G,3000527,yes,TG_Shop.upk,3000527,DIRECT_COMMODITY_MATCH,
100597,M4A1_G,3000528,yes,TG_Shop.upk,3000528,DIRECT_COMMODITY_MATCH,
100598,DE_G,3000530,yes,TG_Shop.upk,3000530,DIRECT_COMMODITY_MATCH,
100599,ada,3000575,yes,TG_Shop.upk,,NO_DIRECT_COMMODITY_CROSSCHECK,
100600,claire,3000576,yes,TG_Shop.upk,,NO_DIRECT_COMMODITY_CROSSCHECK,
100601,头发（ada）,0,no,,,ZERO_ICON_ID,
100602,头发（claire）,0,no,,,ZERO_ICON_ID,
100603,SCARDJ,3000572,yes,TG_Shop.upk,3000572,DIRECT_COMMODITY_MATCH,
100604,M249D,3000573,yes,TG_Shop.upk,3000573,DIRECT_COMMODITY_MATCH,
100605,DE_D,3000574,yes,TG_Shop.upk,3000574,DIRECT_COMMODITY_MATCH,
100606,头盔（女匪3）,3000577,yes,TG_Shop.upk,3000577,DIRECT_COMMODITY_MATCH,
100607,面部（女匪3）,3000578,yes,TG_Shop.upk,3000578,DIRECT_COMMODITY_MATCH,
100608,腰部（女匪3）,3000579,yes,TG_Shop.upk,3000579,DIRECT_COMMODITY_MATCH,
100609,头盔（女警3）,3000580,yes,TG_Shop.upk,3000580,DIRECT_COMMODITY_MATCH,
100610,面部（女警3）,3000581,yes,TG_Shop.upk,3000581,DIRECT_COMMODITY_MATCH,
100611,腰部（女警3）,3000582,yes,TG_Shop.upk,3000582,DIRECT_COMMODITY_MATCH,
100612,2500NZ点购物券,3000583,yes,TG_Shop.upk,3000583,DIRECT_COMMODITY_MATCH,
100614,ActiveSkilType_SuperBaby,3000585,yes,TG_Shop.upk,3000585,DIRECT_COMMODITY_MATCH,
100616,ActiveSkilType_BulletTime,3000587,yes,TG_Shop.upk,3000587,DIRECT_COMMODITY_MATCH,
100617,LSAT,3000588,yes,TG_Shop.upk,3000588,DIRECT_COMMODITY_MATCH,
100618,M249Fire,3000589,yes,TG_Shop.upk,3000589,DIRECT_COMMODITY_MATCH,
100620,L85,3000591,yes,TG_Shop.upk,3000591,DIRECT_COMMODITY_MATCH,
100621,MP5SD10,3000592,yes,TG_Shop.upk,3000592,DIRECT_COMMODITY_MATCH,
100623,ZJ01,3000594,yes,TG_Shop.upk,,NO_DIRECT_COMMODITY_CROSSCHECK,
100624,ShotgunFour,3000595,yes,TG_Shop.upk,3000595,DIRECT_COMMODITY_MATCH,
100626,ZJ02,3000597,yes,TG_Shop.upk,,NO_DIRECT_COMMODITY_CROSSCHECK,
100627,CompoundBow,3000598,yes,TG_Shop.upk,3000598,DIRECT_COMMODITY_MATCH,
100628,ActiveSkilType_SuperBaby,3000585,yes,TG_Shop.upk,,NO_DIRECT_COMMODITY_CROSSCHECK,
100629,ExplodeArrow,3000599,yes,TG_Shop.upk,3000599,DIRECT_COMMODITY_MATCH,
100630,白富美喷漆,3000607,no,,3000607,DIRECT_COMMODITY_MATCH,
100631,高富帅喷漆,3000601,no,,3000601,DIRECT_COMMODITY_MATCH,
100632,1QB,3000602,yes,TG_Shop.upk,3000602,DIRECT_COMMODITY_MATCH,
100633,10QB,3000603,yes,TG_Shop.upk,3000603,DIRECT_COMMODITY_MATCH,
100634,50QB,3000604,yes,TG_Shop.upk,3000604,DIRECT_COMMODITY_MATCH,
100635,100QB,3000605,yes,TG_Shop.upk,3000605,DIRECT_COMMODITY_MATCH,
100636,ActiveSkilType_BulletTime,3000587,yes,TG_Shop.upk,,NO_DIRECT_COMMODITY_CROSSCHECK,
100638,M107,3000608,yes,TG_Shop.upk,3000608,DIRECT_COMMODITY_MATCH,
100639,Mini14,3000609,yes,TG_Shop.upk,3000609,DIRECT_COMMODITY_MATCH,
100640,ACE,3000610,yes,TG_Shop.upk,3000610,DIRECT_COMMODITY_MATCH,
100642,M1911,3000612,yes,TG_Shop.upk,3000612,DIRECT_COMMODITY_MATCH,
100643,nailbat,3000613,yes,TG_Shop.upk,3000613,DIRECT_COMMODITY_MATCH,
100644,2QB,3000614,yes,TG_Shop.upk,3000614,DIRECT_COMMODITY_MATCH,
100645,头发（张杰）,0,no,,,ZERO_ICON_ID,
100646,RPKM,3000615,yes,TG_Shop.upk,3000615,DIRECT_COMMODITY_MATCH,
100647,KukriTGold,3000616,yes,TG_Shop.upk,3000616,DIRECT_COMMODITY_MATCH,
100648,头发（新张杰匪）,0,no,,,ZERO_ICON_ID,
100649,眼镜（新张杰匪）,0,no,,,ZERO_ICON_ID,
100680,幸运子弹E,3000647,yes,TG_Shop.upk,3000647,DIRECT_COMMODITY_MATCH,
110001,AK74U_KOS,3010001,yes,TG_Shop.upk,3010001,DIRECT_COMMODITY_MATCH,
110002,AR15_KOS,3010002,yes,TG_Shop.upk,3010002,DIRECT_COMMODITY_MATCH,
110003,AUG,3000031,yes,TG_Shop.upk,3000031,DIRECT_COMMODITY_MATCH,
110004,SCAR_PHL,3010004,no,,3010006,DIRECT_COMMODITY_MISMATCH,3010006
110005,BoxGlove_PHL,3010005,yes,TG_Shop.upk,3010005,DIRECT_COMMODITY_MATCH,
